[
  {
    "year": 2015,
    "title": "Spotlight",
    "director": ""
  },
  {
    "year": 2014,
    "title": "Birdman or (The Unexpected Virtue of Ignorance)",
    "director": ""
  },
  {
    "year": 2013,
    "title": "12 Years of Slave",
    "director": ""
  },
  {
    "year": 2012,
    "title": "Argo",
    "director": ""
  },
  {
    "year": 2011,
    "title": "The Artist",
    "director": ""
  },
  {
    "year": 2010,
    "title": "The King's Speech",
    "director": ""
  },
  {
    "year": 2009,
    "title": "The Hurt Locker",
    "director": ""
  },
  {
    "year": 2008,
    "title": "Slumdog Millionare",
    "director": ""
  },
  {
    "year": 2007,
    "title": "No Country for Old Men",
    "director": ""
  },
  {
    "year": 2006,
    "title": "The Departed",
    "director": ""
  },
  {
    "year": 2005,
    "title": "Crash",
    "director": ""
  },
  {
    "year": 2004,
    "title": "Million Dollar Baby",
    "director": ""
  },
  {
    "year": 2003,
    "title": "The Lord of the Rings: Return of the King",
    "director": ""
  },
  {
    "year": 2002,
    "title": "Chicago",
    "director": ""
  },
  {
    "year": 2001,
    "title": "A Beautiful Mind",
    "director": ""
  },
  {
    "year": 2000,
    "title": "Gladiator",
    "director": ""
  }
]